Model,MAE,RMSE,R2
Linear Regression,2.2737367544323206e-13,2.2737367544323206e-13,
Random Forest,8.0,8.0,
