Feature,Importance
DISTRICT_CODE,0.31512605042016806
REF_YEAR,0.2668067226890756
AGE5,0.26554621848739496
SEX,0.15252100840336139
